new_message1,label
Delete < > useless < > files,0
Update < <iden> > . md,0
Merge `` PythonPlugin `` branch,0
Add < > <iden> < > <iden> < > installer,0
Fix issue # 13,0
delete cpp codes,0
Update < <iden> > . md,0
Update < <iden> > . md,0
Update < <iden> > . md,0
research <iden> <iden> : seems ok in multiple <iden> now .,0
try < > to < > use < > < <iden> > < > . < > net < > as < > < <iden> > < > bridge < > .,0
research,0
project file change,0
structure change,0
Update < <iden> > . md,0
Update < <iden> > . md,0
add browser <iden> ( <iden> ) plugin,0
update msg window,0
start issue # 11,0
Add progress bar,0
fix <iden> didn ' t work issue,0
fix program plugin doesn ' t work in XP issue .,0
Add missed changes,0
remove unused codes,0
add translator <iden>,0
Update < <iden> > . md,0
Add <method_name> <iden>,0
structure change,0
python plugin test,0
Add <iden> commands,0
add pywinalfred test project,0
Change <iden> C Wrapper,0
Fix <iden> issues,0
UI staff,0
fixing embedding <iden> multithread problems,0
UI staff,0
regular update,0
add <iden>,0
UI staff,0
UI staff,0
some UI staff,0
< < method_ <method_name> > od_ <method_name> > por <method_name> <iden> <method_name> ment,0
add <iden> environment to execute <iden> <iden>,0
regular commit,0
project stucture change,0
init,0
Fix issues # 33,0
Update < <iden> > . md,0
Fix mouse click issues and add a new <iden> < <iden> > .,0
Fix issue # 26 `` not count execute error command in history will be better ``,0
Fix issue # 32,0
Add wox < <iden> > <iden> .,0
<iden> < <iden> > <iden> file <iden> ( from ini to json ),0
Update < <iden> > . md,0
Resert changes,0
<iden> research,0
Add <iden> < <iden> > .,0
Fix dependency references issue of c # plugins .,0
Change python plugin interface .,0
Fix crash issue when user didn ' t install <iden> .,0
Update < <iden> > . md,0
Log python plugin error .,0
Fix select <iden> item delay issue .,0
Change default height for result item,0
Add custom <iden> <iden> feature .,0
Add <iden> setting,0
Fix theme bugs .,0
UI changes .,0
Add <iden> library .,0
fix some small UI issue,0
Bug fix,0
remove useless codes,0
bug fix,0
Fix title aligment issue when subtitle is empty .,0
Replace <method_name> usercontrol with listbox to improve ui performance,0
Update < <iden> > . md,0
Fix `` <iden> wox on <iden> start `` issue .,0
Update < <iden> > . md,0
Init,0
Add modifier key support when user action items .,0
Remove number placeholder in the right of <iden> item .,0
add fuzzy <iden> match support for < <iden> > plugin,0
fix build error on release mode and add miss <iden> nuget <iden>,0
Fix crash when UAC <iden> the <iden> . = _ = 英语不好连个说明和注释都写不出了,0
`` start wox on system <iden> `` config changes .,0
Add start < Wox > on <iden> <iden> <iden> & code refactorying .,0
Revert project file changes of <iden> sdk .,0
Implement <method_name> feature .,0
Add <iden> x64 dll,0
Fix : Prevent user from closing the main window via Alt + F4,0
Fix < > : < > remove < > unnecessary < > binary < > <iden> < > . < > <iden> < > . < > dll,0
Fix crash on null <iden> binded to <iden>,0
Add support for < <iden> > both 32 - bit and 64 - bit,0
Add web <iden> feature & some UI changes .,0
Update < <iden> > . md,0
Rename < > the < > <iden> < > .,0
Update < <iden> > . md,0
Simulate <iden> Run Dialog behaviors in the < CMD > worlflow .,0
Fixed : File not found - ico . png,0
Fixed : Calling null callback `` <iden> ``,0
Create the `` Docsets `` directory if it not exists,0
code refactoring and add web searches <iden> window .,0
Update < <iden> > . md,0
Update < <iden> > . md,0
fix Issue # 16,0
fix win + r issue .,0
Mouse select support & Code refactoring,0
show top 5 < CMD > <iden> when < CMD > query is empty .,0
change the <iden> style .,0
change vs2010 solution file .,0
fix < CMD > <iden> and add <iden> support .,0
Clean some references,0
Use the NuGet <iden> of <iden>,0
Add some workarounds for clean environment .,0
Add <iden> win + r option,0
add theme <iden> . And provide two themes default .,0
update doc workflow,0
add doc workflow,0
Update < <iden> > . md,0
add <iden> option for <iden>,0
add some comments,0
Update < <iden> > . md,0
Update < <iden> > . md,0
Update < <iden> > . md,0
Add kill <iden> workflow,0
fix issues,0
project file change,0
add v2ex <iden>,0
Add one <iden> support .,0
Fix a UI issue .,0
Limit the display <iden> item to 6 at most .,0
Add <iden> 8 installation note and prefer <version> SP1 rather than <version> to XP users,0
[ skip ci ] Fix typos,0
Fix miss default font,0
Fix not handle . ico image type,0
Fix incorrect behavior with App Paths,0
Auto Complete for < CMD > mode,0
Fix typo Widow - > <iden>,0
Fix # <version> + F4 will hide app now rather than crash,0
Add <iden> support show file icon and add a file icon cache associate with file extension,0
Change the default grid height of <iden> <iden> <iden> Panel .,0
Fix # 58 : don ' t calc when input . length < = 2,0
Revert `` Limit < <iden> > trigger must has one <iden> at least `` This reverts commit fe124310def2121520c4cc4588a3a0ee2e563ba7 .,0
# 56 Add Font <iden>,0
Limit < <iden> > trigger must has one <iden> at least make not <iden> some <iden> like `` pi ``,0
Fix <iden> not support <iden> with space,0
Close # 42 <iden> Source settings GUI,0
# 2 change <iden> default search mode,0
Close # 52 : Encoding issues with <iden> plugin,0
Make Python plugin enabled by default # 51,0
Remove useless field in <iden>,0
Add <method_name> s settings ( code only , without GUI ) # 42,0
Read . exe file description for <iden> name,0
Add <iden> . com program source support . # 42,0
Refactor to support multiple program <iden> # 42 App Paths is supported now # 41,0
Make python <iden> optional,0
Save <iden> setting,0
<iden> - > <iden>,0
add missing imports + save project changes,0
move files to new globalhotkey file,0
gloablHotkey - > <method_name>,0
Remove useless codes .,0
Optimize speed for CMD mode,0
close # 38 Change Virtualizing Mode from <iden> to <iden> .,0
Add drag support # 44,0
fix closure bug sometimes will always open the last action item .,0
Optimize <iden> results,0
Remove compiler warnings,0
add < <method_name> > system plugin,0
Fix a null references issue that may crash wox .,0
Close # 39 : Remove the shortcut arrow <iden>,0
Fix line ending [ skip ci ],0
Remove <iden>,0
<iden> AssemblyInfos [ skip ci ],0
Remove xml files in build folder .,0
Remove dropshadow since it ' s buggy .,0
Revert `` Fix Image didn ' t copy to output directory issues . ``,0
Change < > <iden>,0
Add CI <iden> .,0
Fix Image didn ' t copy to output directory issues .,0
Copy Images to output directory,0
Update NuGet configuration,0
Fix error in projects . . .,0
Add missing NuGet < <iden> > into Wox . UAC,0
Clean build configuration,0
Add <iden> support for <iden> / ChromeSxS and multiple profiles,0
Revert use <iden> on Bookmarks since it ' s too slow,0
Fixed <iden> <version> configuration,0
Add support for <iden> & <iden>,0
<iden> for <method_name> s and some tweaks,0
ToPinyin : Convert to SimpChinese at first,0
Fix the bug in <iden>,0
<method_name> trick,0
Update 2010 <iden> file Fix a bug in <iden> plugin configuration,0
fix a null references issues .,0
Update < <iden> > . md,0
Update < <iden> > . md,0
Remove <iden> which is buggy in XP and poor performance .,0
Small issue changes .,0
Update < <iden> > . md,0
Change < <iden> > Style .,0
Add round corner support for < Wox > .,0
Add tooltip for subtitle,0
Add < <iden> > bat .,0
implement WPM <iden>,0
Strange changes .,0
Remove unnecessary file .,0
Fix bugs in CMD <iden> and PluginMangerment <iden> .,0
Add < > <iden> < > < <iden> > < > .,0
implement issue # 8 part 1,0
Fix issue # 24,0
Add global unhandled exception check .,0
Refactoring `` <iden> with windows `` option .,0
Fix issues # <version> image cache .,0
Uncommented and removed junk code,0
Files < > added < > to < > <iden> < > <iden> < > after < > folders < > I < > think < > it < > is < > time < > we < > release < > version < > 2,0
Fixed Image Errors + Handing Bad <iden>,0
Tab : Now adds Next s Title to tb <method_name>,0
Fix crash issue when user clicked <iden> in UAC <iden> <iden> .,0
Fix crash on invalid chars in path,0
Combine <iden> and <iden> into < <iden> > cc @ aaroncampf,0
close # 65 Hide when app loses focus,0
Fix python plugin crash issues .,0
Added < <method_name> > class , which is used to check <iden> an application is CUI . This fixes the issue introduced in e0eb8c8 .,0
Feature : Added < <iden> > class , which prevents having duplicate windows of the same type opened at the same time,0
- added option to open Wox Settings from the tray menu - added a checkbox option specifying <iden> to leave the <iden> line open after having run a <iden> like > ping google . com,0
Removed FileSystemSourceShallow,0
fix null references issues in commit 6b9f96697bb53f38ad01a11dee7ae9ef05924e72 @ aaroncampf,0
Upgrading Features Now Parent <iden> will appear in search <iden> .,0
Added <iden> for searching <iden> directories,0
Add restart wox command into sys plugin .,0
Use a better method to calculate relative coordinates while moving among screens,0
a,0
Fix issues in 636350c3952daa62346f49f790035aa2c5082727,0
<iden> <iden> File Structure change .,0
Added Features Feature : Search additional folders by default ( shallow <iden> ) Feature : Disable <iden>,0
Show Wox on Mouse <iden>,0
Use < <method_name> r > instead of < Chinese <method_name> > / / Please do not use the binary version on NuGet since there are some issues with the data table,0
Fix performance issues while loading fonts,0
Optimize settings order,0
Move <iden> into featureBox,0
Rename < < Wox > . <iden> > . <iden> to < < < Wox > . <iden> > . <iden> > Finish moving < <method_name> > into <iden>,0
Move < <method_name> > into Feature,0
Add Feature Tab in Settings . ( Still WIP ),0
Remove useless code,0
Fix < <iden> > Suggestion crash on network error,0
Remove duplicated code,0
Prevent from accessing last results if query has changed,0
remove useless file .,0
Fix duplicated <iden> in CMD,0
Fix issues with web search icons,0
Add < <method_name> > suggestions for web searches Fix issues with push <iden>,0
Fix error in ac81d38acc76438028dc3f06704f21c147adc565,0
Add <iden> for push <iden> before Query <iden> <iden>,0
Add error report ( however it has no sending feature at this commit ),0
Fix issue with Layered <iden>,0
Add opacity mode settings,0
Change Themes tab layout and add <iden> behind preview .,0
Enable themes of <iden> Common Controls and Dialogs in Wox . UAC,0
Fix issues with Aero,0
Revert `` Use short name of Assembly instead of full name . `` since there are some Assembly loading issues . This reverts commit cf7ae<version> name will produce no errors when debugging using Visual Studio hosting process . However , this will crash outside Visual Studio .,0
Add Aero theme,0
Fix issues with <iden>,0
Fix crash on querying when <iden> are <iden>,0
Fix a bug with <iden> typefaces,0
Use short name of Assembly instead of full name .,0
Revert `` Revert use <iden> on Bookmarks since it ' s too slow ``,0
Allow change <iden> , <iden> , <iden>,0
Directory change use fuzzy to search,0
Optimize fuzzy match,0
Fix a file missing bug,0
Change Directory plugin subdirectory list action,0
Fix bug with theme in Windows 8,0
Add <iden> <version>,0
Fix added websearch twice issue .,0
close # 47 Add log level <iden>,0
Fix a bug when creating Config directory,0
Fix ' Path ' is an ambiguous reference between ' <iden> . IO . Path ' and ' <iden> . <iden> . Shapes . Path ',0
Update VS2010 <iden>,0
Fix issues with <iden> . <iden> . <iden>,0
Refactor setting storage related,0
close # 48 Refactor <iden> <iden> .,0
Remove <iden>,0
Support data URI as Icon,0
Allow plugins return null,0
<iden> all plugins to their own repo,0
Fix applicationDirectory issues and add <iden> <iden>,0
Remove <iden> movie < <iden> > to <link>. com / <iden> / < Wox > . <iden> . DoubanMovie,0
Add <iden> <iden> support list child <iden> and <iden>,0
Fix Alt + Space <iden> affect by <iden> if no <iden> <iden> box , sometimes awake < Wox > with alt + space <iden> , the first input key is swallowed by <iden>,0
Add support ClickOnce application ex . Github for Windows use this file extension,0
Filter <iden> <iden> item,0
Update WPM .,0
Fix a bug with <iden>,0
Optimize for text selection after pressing Win + R,0
Move <iden>,0
Fix a bug with <iden>,0
Use <method_name> to provide unified experience,0
Remove useless code .,0
Fix some icon issues of some file types,0
Better path handeling Thanks @ orzFly,0
Better icon - handeling . And enumerate <iden> ICON instead of <iden>,0
Save icons using GUID filename,0
Control Panel Split Logic,0
Update < <iden> > . md,0
Refactoring <iden> and URL <iden> .,0
Fix potential issues in control panel .,0
Update Control Panel The Control Panel now also includes third party panel items .,0
Fix < > <iden> < > env < > <iden> < > .,0
Pack <iden> env < <iden> > < method_ < <iden> > >,0
Fix issues in < <iden> > plugin .,0
Optimized search Removed redundant check .,0
Save icon ' s as . bmp . ico hack was unneccassary .,0
Only <iden> top 2 relevent <iden>,0
Added priority to title <iden>,0
Trim query,0
Cosmetic changes <iden> = > <iden>,0
Added <iden> Panel,0
Add proxy setting UI # 118,0
Fix an issue when switch between plugin with icons and without icons .,0
close # 113 can ' t check checkbox by clicking label,0
Add browse more <iden> and theme link to setting dialog .,0
Async loading item images = > huge performance improvements for old machines .,0
get <iden> <iden> <iden> <iden> from <iden> . ini,0
Add open pluign directory link in <iden> setting page .,0
Add image loader class,0
Python < > plugin < > loader < > bug < > fix < > .,0
Pixel perfect alignment Seems the designview differs from reality,0
Cosmetic changes Taskbar <iden> = > <iden> Alignment of combo boxes Alignment of checkboxes and text,0
Implement # 15,0
Fix spelling mistake seleted = > selected,0
[ Programs ] Fix <iden> behaviour Fix <iden> asking user to select item if he clicks No after trying to <iden> an item in Programs Settings .,0
[ <iden> ] Fix <iden> behaviour Fix <iden> asking user to select item if he clicks No .,0
Add <method_name> <iden> < <iden> > as the Demo .,0
Add v2ex <iden> < <iden> > demo .,0
Add missing files .,0
Add portable python environment,0
Refa < <iden> > ing [ WIP ],0
Update < <iden> > . md,0
Update < <iden> > . md,0
Refactoring <iden> Loader [ WIP ] .,0
Add Executable <iden> Loader,0
Move < CMD > settings to < CMD > plugin details .,0
Some <iden> style changes .,0
close # 21 Allow user to set their custom <method_name>,0
improved Firefox bookmark - pars <method_name> g query now gets bookmark title from <iden> table <method_name> stead of <iden>,0
cache <iden> <iden> and support p <method_name> y <method_name> <iden>,0
Update < <iden> > . md,0
update < <iden> > . json for the BrowserBookmarks <iden>,0
Make sure the <iden> . <iden> file exists before <iden> <iden> <iden> .,0
add <iden> for <iden> <iden>,0
# 21 Add <iden> option for each <iden> .,0
Add folder existence check for <iden> environment variable .,0
Add Empty Check for <iden> Method .,0
Change cwd to % <iden> % before executing command .,0
Revert 3bbe54bb719cf40b477161fd6486916c1da1828e,0
Bug fix for drag drop <iden> installer .,0
Allow drag drop to install wox plugin .,0
Revert `` Use sleep instead of ping . `` This reverts commit 3f1064b22d4ebb2223a9e82cd0a59c0191e6dc13 .,0
Optimize files .,0
Add <iden> < <iden> > descriptions .,0
fix some bookmark plugin issues .,0
close # 83 Merge <iden> tab and Feature tab,0
# 94 and close # <version> <iden> as < <iden> > .,0
Change cwd to % HOME % before executing command .,0
Use sleep instead of ping .,0
Remove unnecessary code .,0
Add < > remember < > window < > position < > support < > .,0
Add post - action,0
Missed logo and title,0
HEX colors plugin,0
When user querying thirdparty plugins , system plugins shouldn ' t be included,0
# 87 Add plugin deatails in <iden> tab . [ WIP ],0
Revert last two commits pushed by @ aaroncampf , which will cause build erros .,0
Error Fix,0
Added <iden> & <iden> to < <iden> > We still need a way to save the <iden> property,0
URL plugin,0
Namespaces fix,0
Extract all converters into separate folder,0
Working on Adding <iden>,0
<iden> Check for invalid paths [ Open this <iden> ] <method_name> <iden> appears at top is path is existing <iden> or parent is,0
Updated < > Ignore < > List,0
Solving issues from last commit,0
Cleaned < <iden> > + Enhanced THIS NEEDS TESTING !,0
Update CI build script,0
Update auto build script,0
Auto publish Wox . <iden> to nuget .,0
Reduce the icon size and <iden> unnecessary images .,0
Remove unnecessary codes merged from <version>,0
<iden> all third - party plugins into separate repos ( except WPM ) .,0
Solution files change .,0
Change the default width for themes .,0
Remove unnecessary files .,0
display <iden> icons in ' wpm list / uninstall ',0
display <iden> icons in ' activate <iden> ' query,0
Change the default with of < Wox > . Remove Aero themes .,0
Remove XP related description We will not provide support for Wox in XP .,0
Update assemblyinfo,0
fix # 189 startup is too slow,0
Fix errors that collections has been changed while <iden> collections,0
Add search <iden>,0
Add custom <iden> menu < <iden> > for findfile <iden> and improve the search speed .,0
Merge,0
Reduce memory usage .,0
Update < <iden> > . cs,0
fix # 189 startup is too slow,0
Move <iden> to find file plugin .,0
Allow unsafe codes in Release build .,0
Update < <iden> > . md,0
fix # 151 Add <iden> menu for <iden>,0
Revert MFT Changes .,0
Revert <iden> changes .,0
Add Context menu,0
Add find file < <iden> > .,0
Add MFT Searcher,0
Fix a issues that JSONPRCAction could be null .,0
Refactoring <iden> args and change the signal <iden> implement .,0
Add more python plugin api .,0
Revert readme,0
# 192 fix json loads <iden> issues .,0
# 191 add < pip > . bat for < pip > installing .,0
Move < Log > to <iden> project .,0
Fix # 181 that <iden> could be removed by user when wox running .,0
Fix # 183,0
fix typo,0
<iden> : convert search word to url encoding before opening the url,0
Fix a <iden> crash issues & don ' t default exit Wox when exception happens .,0
close # 150 Use tab to cycle switch candidates,0
Update < <iden> > . md,0
Update < <iden> > . md,0
Fix plugin API issues .,0
Including PythonHome in CI building,0
Add afterload event for <method_name>,0
fix # 46 Reload index cache when the file changed in index directories,0
# 149 fix Path including space in their name issues,0
Expose index <iden> setting,0
Expose index file <iden> config [ WIP ],0
Add reindex button to programs setting dialog .,0
Fix a programs bug if custom program folder is not exist .,0
Add F1 to open wox function guide page .,0
Refactoring < <method_name> s > system plugin and adding re - index function when adding new <iden> .,0
Fix sys plugin setting panel style issue .,0
close # 137,0
Adjust score weight for programs .,0
fix a typo : <iden> - > <iden>,0
Fix a crash in Win8,0
Forgot to add Files,0
Changes : Added < Sys > Folder , Moved < Sys > into folder , Added <iden> , Made < Sys > use an AddRange and added ISettingProvider,0
Finally Fixed AutoFormatting,0
Corrected Automatic Formatting,0
Combined 2 cases Stupid automatic formatting <iden> more then I wanted Here is the change I made if you just want the code case Key . Tab : case Key . Enter : <method_name> ( <iden> . <iden> ( ) ) ; e . <iden> = true ; break ;,0
Optimize default icon method . Simply <iden> the first pointer , ignore the others . Assume if the first one doesn ' t work , none of them will work .,0
Fix default icon retrieval . And replace <iden> ; with if ( ) statements ( supposably more compile friendly ),0
# 129 exclude system plugins <iden> when searching <iden> .,0
# 129 fix space issues in searching programs,0
Fix websearch setting issues .,0
remove bing search suggestions .,0
# 129 Make web <iden> <iden> optional and add baidu suggeestion source .,0
Replace all obsoleted method,0
Contron panel item priority should be lower when compared to programs .,0
Update < <iden> > . md,0
Update <iden> <iden> Link .,0
Control Panel Command handeling Now works for everything,0
Add pluginID for <iden> .,0
Add activate statistics,0
make some renames,0
update cleanup . bat,0
Implement # 202,0
add < <iden> > CI job,0
Update CI,0
Add < Wox > . UpdateFeed <method_name>,0
Update CI,0
Sort plugin and <iden> in setting dialog,0
Change CI,0
update ci,0
Update CI builds .,0
Improve the <iden> progress .,0
Remove unnecessary unit test,0
remove unnessary files .,0
Change log facility .,0
Fix an issue if update failed,0
Add Auto <iden> [ WIP ] & remove UAC project,0
Refactoring,0
<method_name> query <iden> < <iden> > & upgrade all third - party <iden>,0
Better <iden> report .,0
downgrade to . net <iden> <version>,0
Upgrade to . net <iden> <version>,0
Upgrade <method_name> . net framework <version>,0
<method_name> # 233,0
add translation for crash reporter,0
Add < Wox > . Crash <method_name> er,0
Change output folders for plugins in <iden>,0
1 , fix < <iden> > <method_name> ( ) trigger FileNotFoundException when file not exist ; 2 , In < <iden> > when trigger Delete Action need confirm ; 3 , Add drag and drop functionality in < <iden> > and FileSystemSettings . Signed - off - by : 716 < 525223688 @ qq . com >,0
<iden> structure change,0
Fix a global hotkey issues in < CMD > , which will hang Wox on init .,0
修复 <method_name> 可能出现的 FileNotFoundException 异常 重启电脑的时候会提示 FileNotFoundException ，所以在这里加一个检查。,0
update <iden> <iden>,0
Add translation for <iden> <iden>,0
Add translation for < CMD > <iden>,0
Add translation for web <iden> <iden>,0
Add translations for <iden> <iden> .,0
Implement <iden> i18n [ WIP ],0
Move some user settings to its own dll ( cmd , <iden> plugin and etc ),0
Fix a issue when <iden> binary storage .,0
Refactoring,0
Fix crash issues when <iden> <iden>,0
Refactoring . Move <iden> <iden> to seperate DLLs .,0
Add i18n support [ WIP ],0
Add multiple <iden> . [ WIP ],0
Fix < > typo,0
Fix a crash issue .,0
Add unittest [ WIP ],0
Fix issues if didn ' t has permission to create dir,0
Update the installer,0
Refactoring . Move <iden> related work to Wox . Core,0
Refactoring .,0
Refactoring .,0
Refactoring [ WIP ],0
Update < <iden> > . md,0
Update < <iden> > . md,0
Update < <iden> > . md,0
Fix a http request issues .,0
Upgrade to <version>,0
Upcate CI Scripts,0
Update CI,0
Add installer,0
Remove unittest for httprequest,0
Refactoring,0
fix Wox handled exception at launch # 221,0
<iden> top used <iden> .,0
Change icon for thirdpartyplugin indicator .,0
Revert `` Add crashreproter `` This reverts commit ad81dfa001493272d1ea7e4a19ae74ca65c84622 .,0
Add crashreproter,0
Add new <iden> window,0
Add About Page .,0
Remove unnessary codes .,0
fix # <version> ' t open url with port,0
fix # 185 . <method_name> ing index cache on startup .,0
make <iden> <iden> name readable .,0
fix # 151 .,0
Fix a crash issues when inputing after wox start .,0
fix # <version> the weight of user selected items .,0
Add <iden> check .,0
Update wpm to use the new api,0
Deploy nuget only when commits on <iden> <iden> .,0
update ci scripts,0
update ci scripts,0
update CI scripts,0
update ci scripts .,0
Update CI scripts : cry :,0
Update CI scripts : cry :,0
Update CI scripts,0
Update CI scripts,0
Update CI build script .,0
Update CI build script,0
Change <iden> to <iden> for the language selector,0
Added <iden> translations to Wox,0
fix disable plugin not working,0
fix < <method_name> > has no 0 <iden> constructor,0
setting window : plugin,0
set port number if not zero,0
update plugin program translation,0
readme . md <iden> and suggestions on the redaction,0
Auto completion for the <iden> plugin,0
Fix ShellExecCmdLine fucntion . Using <iden> : : <iden> . <iden> . <iden> . Start to run program without working directory specifying .,0
Update < <iden> > . md,0
add missing sleep images and translations,0
Ajust maxium result item UI,0
misc,0
Add option to put <iden> to sleep,0
Make the <iden> of <iden> show at a time customizable,0
Update < <iden> > . md,0
Update < <iden> > . md,0
Support for assigning any key as a <iden> ; minor refactoring,0
Google translated translations,0
Support editing,0
Allow disabling of default <iden> <iden>,0
Fix <iden>,0
fix proj file,0
Add max depth and <iden> per <iden> <iden>,0
fix # 249 Characters not being properly escaped in Python plugins,0
Remove context shell load codes and change image cache path,0
Update < <iden> > . md,0
fix # 249 , <iden> escapes before sending json rpc request to plugin [ WIP ],0
Add translation for < CMD > plugin,0
Fix UI issues when using web <iden> <iden> with <iden>,0
Using new thread to check upgrade,0
fix # 256,0
Fix # 255 , can ' t delete items in folder plugin,0
Add translation for icon tray .,0
adding fixed height for caculating windows top,0
fix # 251 add auto center Wox option,0
fix # 252 web <iden> items lost after restart Wox,0
Implement ShellContextMenu [ WIP ],0
Add shell context [ WIP ],0
Add log for storage crashing,0
Add <iden>,0
Update query <iden> language,0
Change project generate sequence,0
Update <iden>,0
<method_name> < <method_name> <iden> > to < Wox > ( Ctrl + Up and Ctrl + Down ),0
Add item number [ WIP ],0
Add a new theme,0
Add <iden> command as <iden> serivce will prevent move / remove wox <iden> .,0
Improve < <iden> > < <iden> > user experience,0
Improve setting window performance ( theme ) .,0
fix a < <iden> > query issue,0
Add < <iden> > <iden> & lazy load <iden> menus,0
fix # 246 prompt <iden> wox after uninstall <iden>,0
Add title translations,0
<method_name> < <iden> > title translations,0
Allow searches in <iden> menu,0
fix regressive issues,0
<method_name> top most function .,0
Add IExclusivePlugin,0
Add < <iden> > <iden> [ WIP ],0
Add init time and query time to setting view,0
Improve <iden> <iden> ue,0
Add drop event .,0
Update < <iden> > . md,0
Merge,0
Add hotkey for navigating result items .,0
Add drop event [ WIP ],0
Add <iden> dialog,0
<iden> <iden> feed url,0
Forgot to remove some lines . No longer opening <iden> with admin rights .,0
Added open in <iden> to the <iden> plugin .,0
<iden> autohotkey and add <iden> command args,0
Add autohotkey,0
proj file changes .,0
Implement < <iden> > for < CMD > and <iden> <iden>,0
Change update logic,0
Add clean script to < Wox > . <iden>,0
Move web <iden> <iden> to its own project,0
API changes,0
Add < > <iden> < > <iden>,0
some API changes for < <method_name> > class and renames .,0
Remove all obsolete methods,0
Fix < CMD > plugin for new <iden> panel,0
Misc,0
Fix web search plugin for new <iden> panel,0
Enhance <iden> panel <iden> The last commit f132cb54baa000a245feb5da87149960f6dbd9f5 only fix UI <iden> for different icon . This commit also fix the commit for same icon . e . g . in web <iden> plugin , although the title is different , but the icon is not changes . part of # 350,0
Fix clearance of old <iden> part of # 350,0
Better <iden> <version> exception for fatal / error log when debugging <version> to debug output for warn / debug / info log when debugging <version> of # 355,0
Fix exclusive for <iden> <iden>,0
Misc,0
Upgrade to . net <version>,0
tmp,0
Fix UI flickering See # 350,0
Better crash report,0
Fix ui for action keywords,0
Add more comments See # 352,0
Improve UI for <iden> <iden> <iden> See # 352,0
Misc,0
Fix <iden> <iden> for multiple action keyword <version> , part of # 352 2 . <iden> . Form - > WPF <version>,0
Fix < <iden> > for <iden> action keywords <version> , part of # 352 <version>,0
Misc <version> <version> progress bar : progress bar <iden> not be loaded when only white <iden> typed,0
Enable <iden> <iden> <iden> See issue # 352,0
Better name <iden> . < <method_name> > - > < <method_name> > . <method_name> <iden> . <method_name> <method_name> - > < <method_name> > . <method_name>,0
Replace <method_name> with Lambda <version> <version> # 361,0
Fix # 357 Fix bug introduced since a5abe9234faafcd170f9468a70f42bf60eda0f0d,0
Fix # 362,0
Remove unused reference,0
bat - > ps1 Fix bug for <link>. com / Wox - launcher / Wox / commit / 8fe993ddd5f1590b84725314eff0dff88953f56e,0
Only deploy to NuGet when API changed ( interface or implementation ) , see # 360,0
Only tested build should be deployed,0
Better instruction,0
Change nuget api keys,0
Update instruction for ci builds,0
Fix continue integration in AppVeyor,0
Fix typo,0
Appveyor is case sensitive now,0
Enable PreLoadImages Fix bug introduced in <link>. com / Wox - launcher / Wox / commit / cf87f68b42e00f087267cdeaf2fcb0d707e684c4,0
<iden> query test <iden> query is <iden> <iden> with GUI , can ' t be <iden> .,0
Misc,0
Fix System . NullReferenceException for # 356,0
Update build script for new nuget retore,0
Add simple usage,0
Update installation instruction,0
Change copyright,0
Ignore < > python < > in < > github < > language < > statistics,0
Update < <iden> > . md,0
Update < <iden> > . md,0
Refactoring < <method_name> > <iden>,0
Misc,0
Refactoring <iden> query,0
Misc,0
Refactoring <iden> . <iden>,0
Remove <iden>,0
Refactor <method_name> g GetPlug <method_name> s < T > ( ),0
Refactoring <iden>,0
Misc,0
Better log info,0
Remove LoadInterfacesFromAppDoma <method_name> Much faster . ApplyPlug <method_name> Languages is 10 times faster now . 7ms vs 100ms .,0
Fix < <iden> > <version> duplication for loading <iden> . <version> null reference when <iden> is not loaded . <version> .,0
Add startup time measurement,0
Fix bug for CMD This bug is introduced since commit : 73dadde5f077896129aa574d028c0343485f3ddc,0
Misc,0
Replace all <method_name> with <method_name>,0
Don ' t sort <iden> every time , sort it when set it,0
Rearrange code Fields - > Properties - > Init method - > Query methods - > Is methods - > Get Methods,0
Refactoring <method_name> and <method_name> <iden> <iden> = <iden> with <iden> <iden> * Non system <iden> = exclusive <iden> + <iden> <iden> <iden>,0
Refactoring <method_name> <method_name> half lines of code : ),0
Fix <iden> . ArgumentException Fix <iden> . ArgumentException ( `` Illegal characters in path `` ) when parsing path <iden>,0
Use Nlog . <iden> from Nuget,0
Move NLog . xsd , let it handled by nuget,0
Use consistent name convention,0
Remove sensitive information,0
Migrate < > MSBuild < > - < > Integrated < > solutions < > to < > use < > Automatic < > <iden> < > Restore < > http < > : < > / < > / < > docs < > . < > nuget < > . < > org < > / < > consume < > / < > <iden> < > - < > <iden> < > / < > migrating < > - < > to < > - < > automatic < > - < > <iden> < > - < > <iden>,0
Use NuGet for <iden>,0
Remove PluginDebugger,0
Fix Debug output < <iden> > is useless , bacuase the <iden> statement is always executed before the actual code .,0
Refactoring <method_name>,0
Better comment,0
Optimize using directives,0
Refactoring <method_name> In < <iden> . xaml > . cs , the reference of origin <method_name> , last <method_name> and tb <method_name> . Text are same , so remove origin <method_name> is fine .,0
Remove unnecessary thread switch,0
Remove unnecessary decoration,0
Remove unused reference <iden> . xaml also removed because . net <version> doesn ' t has this dll , and it resolve the issue when using code metrics,0
Issue : If Wox was set to ignore hotkeys on full - screen it would fail . Cause : Compared <iden> with null . <iden> is never null .,0
Reflected functionality changes from the last commit on the whole project .,0
~ Changed how the fullscreen detection work . Checking by <iden> was a stupid idea . It will now check for the <iden> to fill the whole screen area .,0
Wox now has an option to <iden> <iden> when the focused <iden> is topmost . This will <iden> not only the main Wox <iden> but also <iden> <iden> . ~ < <iden> > edited ~ User settings entry added ~ Checkbox added to <iden> tab ( as well as its events ) ~ <iden> entries added for < en > / ru,0
Fixed commit # 334 multiple SelectionChanged firing,0
close settings with esc,0
fix tab populating in settings ( fixes # 291 ),0
Update < <iden> > . md,0
Recover <iden> count .,0
The <iden> badge is useless,0
Update < <iden> > . md download badges is not working .,0
Update link for badges,0
Add <iden> count,0
Add a <iden> badge to <iden>,0
Remove . net 4 compability,0
fixup,0
Update demo,0
Fix leave open option for cmd plugin Add `` Wait for a key press before closing `` option . See # 141 for more info .,0
Stripped < <iden> > of unneeded p / invoke methods,0
- Removed <iden> . It is no <iden> needed for the plugin . - Added < <iden> > for invocation calls .,0
Bugfix for issue # 397 Wallpaper is not cached in Wox ' s memory , so that the <iden> file remains unlocked,0
Bugfix for # 404 When opening containing <iden> for ` * . lnk ` that can not be <iden> to a file name , the <iden> containing the ` . lnk ` will be opened .,0
Fixup missing reference,0
delete junk,0
Messages should now display correctly on high dpi devices : now using Device Aware Pixels too .,0
Added Pixel to <iden> <iden> Pixel transformation to < <iden> > <iden> <method_name> and <method_name> will use DIP when searching for the center of the <iden>,0
Remove https link to <iden> due to ssl certificate expired Fix # 421,0
change https to http becuase the SSL has expired,0
Upgrade json <iden>,0
Update < <iden> > . md,0
Fix duplication of tray icons Fix # 413,0
Disable blur when os is not supported Releated : # 330,0
Fix <iden> Fix # 385,0
Fix <iden> <link>. blogspot . ie / 2015 / 10 / wpf - applicationcurrentfindresource - and . html,0
Refresh UI after change font,0
Use opacity to set blur releated : # 330,0
Misc,0
Refactoring blur <version> blur , see discussion in : 7f8bb80 <version> issue : # 330,0
Better mutex cleanup,0
Fix < Wox > <iden> by wait <method_name> to be released Fix bug in 24866ff032829e9bd34704d3d5970d227a4c8db<version> existing <method_name> to release itself instead of create a new one . Relate issue : # 322,0
Misc,0
Add solution level < <iden> > file , and bump version <version> solution level < <iden> > file <version> <iden> version <version> # 324,0
add fr to <iden>,0
add french locale & xaml,0
Update < <iden> > . md,0
Add more badges .,0
Misc IDE Misc,0
Update faq for how to report bugs,0
Manually <iden> is no longer needed . 24866ff032829e9bd34704d3d5970d227a4c8db3 fix the <iden>,0
Fix Wox <iden> <version> <iden> <version> some windows forms methods <version> <iden> inteperlation and delete hard coeded new line char should fix # 322,0
Updated spelling and grammar,0
Fix <iden> Command plugin <version> error code handle for 39191a55187a36141bff42fcaf803135c0fe0b3c <version> WPF <iden> <version> postion / window handle for 39191a55187a36141bff42fcaf803135c0fe0b3c,0
* Moved everything to dev branch - Sorry for the trouble,0
Update < <iden> > URLs based on HTTP redirects,0
Updated google search logo,0
Add equality checking for old keyword and new keyword,0
Fix `` The type initializer for ' System . Windows . Application ' threw an exception . ``,0
Fix some unresolved reference for xaml,0
Fix web <iden> icon part of # 384 bug introduced in 38cc115c1f9e1efbb2256f6e88168493797adb5c,0
Fix incorrect fuzzy match result for <iden> plugin Fix # 270,0
Fix the order of everything results Try to fix # 381,0
Temp fix for < CMD > hotkey,0
Fix missing dll for CMD plugin <version> # 382 <version> of # 387,0
Better error log,0
Fix output path for Wox . Core,0
Fix unhandled <iden>,0
Update faq for how to <iden> <method_name>,0
Changed <iden> ( int32 ) < Theme > setting to <iden> ( boolean ) : - Exposed a new function `` <method_name> `` in < <iden> > that handles the blur . - Deleted < <iden> > and < Test > themes - Changed <iden> and < Base > themes according to changes,0
Black and White <iden> updated and staged,0
* forgot to stage files on last commit,0
Applying theme before actually setting the theme accent . UserSettingStorage now stores current theme accent mode . <iden> : Added a bunch of them . Testing what works .,0
Reversing <iden> Blur call and settings window modification Added <iden> to < Base > theme,0
<iden> : <iden> set to True < <iden> > : Added <iden> handling SettingsWindow : Added combobox with <iden> selector to Theme tab ( not functional yet ) <iden> : Added entries for <iden> colors ( all are in english for now ) [ TEMP ] Blur and <iden> <iden> experiments [ TEMP ] blur set in mainwindow on load .,0
Remove outdated <iden> downloads,0
Fix <iden> bug introduced since e037e88,0
Fix icon path for Web Search plugin,0
Fix setting for <iden> <iden> <iden> 1 . <iden> rewrite the <iden> <iden> setting logic . <version> setting for <iden> <iden> <iden> in # 352 <version> setting for Web <iden> <iden>,0
Move <iden>,0
Typo,0
fix a null pointer issue,0
use caculated score for sys plugin item,0
Update readme,0
Update readme Because of the ongoing refactoring , the doc is outdated .,0
Update readme,0
Fix progress bar Bug introduced in 9962ddf2ed80a00036ebdb2965429675c4355472,0
Fix query <iden> for the new result panel,0
Refactoring for PR # 499 , part 2,0
Refactoring for PR # 499 , part 1,0
Remove yoda conditions part of refactoring for PR # 494,0
Remove redundant code,0
removes < <iden> <method_name> er > . cs,0
updates < <iden> > visibility bindings to use <iden> . <iden> . <iden> instead of bool,0
adds <iden> . <iden> . <iden> extension methods to validates if current value is <iden> or not,0
<iden> redundant code <version> this <version> property <iden> be only 1 line <version> <version> of refactoring for PR # 494,0
Misc part of refactoring for PR # 494,0
<iden> - > <iden> , part 2 part of refactoring for PR # 494,0
ResultItem - > Result , part 1 part of refactoring for PR # 494,0
<iden> - > <iden>,0
<iden> - > <iden> part of refactoring for PR # 494,0
<method_name> - > < <method_name> > , part 2 part of refactoring for PR # 494,0
ResultPanelViewModel - > ResultsViewModel , part 1 part of refactoring for PR # 494,0
<method_name> - > < <method_name> > , part 2 part of refactoring for PR # 494,0
<iden> - > <iden> , part 1 part of refactoring for PR # 494,0
Misc part of refactoring for PR # 494,0
<iden> - > <iden> , part 2 part of refactoring for PR # 494,0
ResultItem - > Result , part 1 part of refactoring for PR # 494,0
<iden> - > <iden>,0
<iden> - > <iden> part of refactoring for PR # 494,0
<method_name> - > < <method_name> > , part 1 part of refactoring for PR # 494,0
ResultPanelViewModel - > ResultsViewModel , part 1 part of refactoring for PR # 494,0
<method_name> - > < <method_name> > , part 2 part of refactoring for PR # 494,0
tmp rename,0
ResultPanel - > ResultListBox , part 1 part of refactoring for PR # 494,0
Delete unnecessary file part of refactoring for PR # 494,0
Try to fix the problem that the designer preview is empty,0
<iden> <method_name> Opened related events Since we are going to refactor plugin - UI interaction mechanism in the near future , we just keep current implementation as simple as possible .,0
Bug Fixing - The caret is not at the last of search text when switching back from context menu,0
Revert Hotkey from <iden> back to KeyDown event,0
Implement <method_name> and <method_name> methods for <iden>,0
Bug Fixing - <iden> is not implemented in < <iden> > If this property is not implemented , the Theme of selected search result won ' t take effect .,0
Add support for design time <iden> binding Add this support to suppress the warning from Resharper,0
Fix UI Flickering issue,0
Refactor according to MVVM implementation,0
Remove unused code - <method_name> Event Handler - <iden> Handler - <method_name> method,0
Remove unused code,0
Fix dependency bugs,0
Support for Sys Tray Icon,0
Implement the support for shortcut key,0
<iden> unused code and add required code for MVVM,0
Comment out code for later update,0
Refactor < <method_name> > / ResultItem with MVVM,0
Refactor < <method_name> > with MVVM - Add MVVM structure ( < <iden> > ) - Create <iden> for < <method_name> > - Refactor < <method_name> > . xaml to support MVVM - Move PublicAPI implementation from < <method_name> > to <method_name>,0
Fix websearch plugin query content,0
Fix `` NoTranslation `` bug for plugins <version> # 475 <version> <method_name> , part of # 468 <version> introduced since 1f939ff3,0
fix typo,0
refs # 485 * Add more Japanese support,0
refs # 484 * Add japanese Support . * I add following <iden> file * <iden> / < Wox > . <iden> . <iden> / <method_name> s / < ja > . xaml * < Wox > / <method_name> s / < ja > . xaml,0
comment fix,0
Refactoring directory path for plugins,0
Refactoring directory path for misc,0
Refactoring directory path for <iden> plugin,0
Refactoring <iden> path for <iden>,0
Merge language and theme into resource folder,0
Refactoring directory path for UI resource,0
Refactoring directory path for storage,0
Fix missing using directive,0
Add executable directory path,0
ReSharper : remove redundant code,0
Fix accident bug,0
remove roslen cache,0
merge ' <iden> ',0
Fix using for Release build,0
Optimize using,0
Replace <method_name> with Task + Async,0
Remove unused files,0
Update score when titles are same,0
Changed line endings for translation files to CL from CRLF,0
Now checks if path has trailing slash before adding a new one,0
Added trailing slash to saved folders action for <iden> plugin,0
Ignore < > <iden> < > <iden>,0
Including more web <iden> by default <version> # 376 <version> @ ishu3101,0
Remove unused file since ShellRun has been removed,0
Remove <method_name> <version> <method_name> using p / invoke <version> <method_name> when open contanning <iden> <version> # 88,0
<iden> should be empty when there is no <iden>,0
Fix UI <iden> under . net <version> <version> is part of . net <version> fix , check # 393 to see more <version> bug is introduced since commit df4ca3fecc9784a3b55f93806d8b2a662523056f,0
Fix color of selected item and mouse item This is part of . net <version> fix , check # 393 to see more,0
<iden> < build > <iden> 1 . <iden> <iden> generator from < build > <iden> <version> < build > <iden> to <iden> <iden> <method_name> name 3 . <iden> installer <iden> from <iden> <iden>,0
Fix crashes for context menu on empty query Fixed issue # 434 , thanks @ pieper126,0
rename,0
Fix <iden> name and move <iden> to % APPDATA %,0
use % APPDATA % <version> can ' t find < <method_name> > . ctor bug for <iden> introduced in c0889de1f9ae460b2cc189eb59e5bd90ddb7d17e <version> % APPDATA % for all data , part of # 389 <version>,0
Misc,0
Fix # 472 # 476 # 509 # 523 # 525 # 557 Fix numerous web <iden> plugin bugs,0
Move < <method_name> > to < < Wox > . <iden> > , part 2,0
Move ImageLoader to Wox . Infrastructure , part 1,0
Json : Overwriting <iden> of add to list <link>. com / questions / 29113063 / json - net - why - does - it - add - to - list - <iden> - of - overwriting,0
Use consistent new icons <link>. com,0
Fix bug introduced in 7c2e2a01c24627d2b05e64b1a32349b8bb256e19 by @ aaroncampf,0
Add <iden> info entry for all context menu,0
Misc,0
Fix # 483 Thanks @ wjcsharp to provide method,0
Fix progressbar loading,0
fix # 412 - use Task instead of <iden> - add <method_name> when updating result panel and executing query for all <iden>,0
Fix flashing bug introduced in 152a7d719b15b3fb4559bea09b378b963555fe45 part of # 565,0
Fix # 559 fix <iden> <iden>,0
Fix # 565 <version> resultlistbox visibility <version> # 565 <version> unused convertor,0
Add <iden> / <iden> <iden>,0
Update < <iden> > . md,0
fix # 570,0
Use <iden> when strat process As proposed in # 569,0
Fix uninitialized ui fix # 569,0
Fix suffixes converter , part 2 rename file,0
Fix suffixes converter , part 1 <version> # 568 , fix # 566 fix # 553 , fix # 559 <version> refactoring,0
Remove NLog schema from git,0
Refactoring < > <iden> < > 1 < > . < > use < > custom < > patched < > <iden> < > library < > <iden> < > 2 < > . < > fix < > memory < > leak < > on < > <iden> < > : < > 360mb < > - < > > < > 160mb < > when < > using < > vs15 < > debugger,0
Add custom patched pinyin library,0
Add <method_name> <link>. yinwang . org / blog - cn / 2015 / 11 / 21 / programming - philosophy,0
Use resharper <iden> nuget <iden>,0
Update < <iden> > . yml,0
Update READEME . md,0
Add Github <iden> for stable <iden> build,0
Add <iden>,0
Remove NLog schema from git,0
fix missing pinyin file,0
fixup ( bump library <iden> ),0
Refactoring < > <iden> < > 1 < > . < > use < > custom < > patched < > <iden> < > library < > <iden> < > 2 < > . < > fix < > memory < > leak < > on < > <iden> < > : < > 360mb < > - < > > < > 160mb < > when < > using < > vs15 < > debugger,0
Add custom patched pinyin library,0
Add <method_name> <link>. yinwang . org / blog - cn / 2015 / 11 / 21 / programming - philosophy,0
Use resharper <iden> nuget <iden>,0
Refactoring <iden> plugin to use parallel linq much master when use parallel,0
Use default thread pool settings,0
Misc,0
Refactoring image cache use parallel linq to preload <iden> , <iden> be faster,0
Rename , part 3,0
Rename . part 2,0
Rename , part 1,0
Stop everything before every build,0
Remove unused code,0
Remove instance logic for BinaryStorage and JsonStorage , part 2 <version> of # 389 <version> rename <version>,0
<iden> <iden> logic for < <method_name> > and < <iden> > , part 1 <version> of # 389 <version> refactoring,0
Load < <iden> > base on CPU architecture,0
Bump library version Fix # 538,0
Update < <iden> > . yml,0
Update READEME . md,0
Add Github <iden> for stable <iden> build,0
Add <iden>,0
Bump library <iden> Fix # 538,0
Add Chinese translation for <iden> resources,0
Use variable instead of <iden> <iden> <iden> <version> variable <version> of # 389 <version> <iden> suffix in <iden> <iden> <version>，代码重构火葬场,0
Rearrange query execution order <version> usage of Push <method_name> <version> query execution order <version> UserSetting dependency <version> instant query <version> backkeydown event <version> of # 389,0
Remove unused code,0
Kill < Wox > before <iden> build ref : <link>. com / questions / 2295454 / <iden> - wide - pre - build - event / <iden> # <iden>,0
Update < > git < > <iden> < > file,0
Add error info when file / application can ' t be open <version> # 492 <version> # 478,0
Fix dll has been blocked problems <version> # 536 <version> # 279 ref : <link>. <iden> . com / en - us / <iden> / <iden> ( v = vs . 110 ) . aspx,0
Remove unused code,0
Cleanup using Resharper,0
Bump nuget <iden> <iden>,0
Refactoring <iden> 1 . <iden> ItemDropEvent 2 . <iden> <method_name> s from API <version> <iden> menu item can ' t be opened ( # 535 ) , bug introduced from PR # 494 ( commit 45dbb50 ) <version> open <iden> command and load <iden> menu command back to < <method_name> > <version> load <iden> menu logic <version> performance enhancement and potential bug fixed,0
Fix position <version> `` Remember launch location `` , this was introduced since e7aa<version> # 511 <version> opening position ( # 510 ) , bug introduced from PR # 494 ( commit e7aa602 ),0
Refactoring < <iden> > <version> the sequence of <iden> of <iden> . <version> dictionary for <iden> , so code logic like ` . <iden> ( o = > o . ID = = id ) ; ` are removed <version> of # 389,0
made margins consistent,0
Refactoring <iden> 1 . <iden> ItemDropEvent 2 . <iden> <method_name> s from API <version> <iden> menu item can ' t be opened ( # 535 ) , bug introduced from PR # 494 ( commit 45dbb50 ) <version> open <iden> command and load <iden> menu command back to < <method_name> > <version> load <iden> menu logic <version> performance enhancement and potential bug fixed,0
Fix position <version> `` Remember launch location `` , this was introduced since e7aa<version> # 511 <version> opening position ( # 510 ) , bug introduced from PR # 494 ( commit e7aa602 ),0
Refactoring < <iden> > <version> the sequence of <iden> of <iden> . <version> dictionary for <iden> , so code logic like ` . <iden> ( o = > o . ID = = id ) ; ` are removed <version> of # 389,0
Emphasize the <iden> build,0
Misc,0
made margins consistent,0
spelling,0
grammar,0
cleanup english translation,0
Add issue template,0
Add German Translation Add German Translation to Core and Defaultplugins,0
<iden> harder coded text 1 . <iden> harder coded text , part of refactoring for PR # 494 2 . <iden> other arguments redundant,0
Refactoring,0
Fix textbox keyboard focusing,0
lang / < en > : enlint ( # 644 ),0
Misc,0
rename , part 2,0
rename,0
Misc,0
rename,0
Bring run <iden> functionality back # 636,0
Rename,0
fix # 625,0
Update < <iden> > . md,0
Misc,0
Fix # 620 , part of # 614,0
Misc,0
Log < > first < > change < > <iden>,0
Fixed # 586 - add option to hide main window on <iden> - Fixed # 586,0
fix download plugin,0
Fix # 608,0
Misc,0
Add auto updates gui option,0
Use system web proxy,0
Add <iden> to disable auto updates,0
fix <iden> <iden> + fix # 575 # 609,0
Update < <iden> > . md,0
use unified http method for <iden> installation + add more exceptions # 573 # 610,0
Log more update exceptions # 611,0
Update < <iden> > . md,0
Don ' t call init ( ) and constructor for <iden> <iden> part of # 351,0
Fix proxy for github update,0
Fix notify icon + move <iden> into <method_name>,0
Fix # 606,0
fix <iden>,0
Refactoring <iden> <version> into a separate class <version> unused nuget <iden>,0
Update < <iden> > . md,0
Update < <iden> > . md,0
Update < <iden> > . md,0
Add hello world <iden> example,0
Update < <iden> > . md,0
Update < <iden> > . md,0
Finally <version> ! ! ! !,0
ignore more files,0
remove commit number,0
fix ci,0
Misc,0
fixup,0
Remove <iden>,0
<iden> based <iden> <iden> is not <iden> in < <iden> > , not sure why,0
fixup,0
fixup ci,0
Misc,0
Add manually check updates option <version> check updates <version> get http <iden> to use async <version> some generic <iden> catch <version> unused code,0
Misc,0
move <iden> into msbuild,0
fix <iden> <iden>,0
Remove unused updater and <iden> line arguments,0
<iden> when restart,0
Installer + auto update on startup 1 . <iden> <version> check update on startup <version> start on next startup 4 . <iden> <iden> line <iden> which breaks <iden> <version> generate <iden> on continue integration,0
Refactoring <iden> <iden>,0
Misc,0
Move websearch images to % APPDATA %,0
Added solution for executable <iden>,0
fix tests,0
Update < <iden> > . md,0
rename <iden> main file , part 2,0
rename plugin main file , part 1,0
Cleanup proxy enable / disable , fix # 518,0
Allow open settings from main window context menu , fix # 519,0
Fix # 548,0
fix # 587,0
fix selected item part of # 412,0
<iden> <iden> + list is not <iden> safe,0
Focuses first textbox on load fix # 516 thanks @ staff0rd for idea !,0
Fix select result when there is no results part of # 412,0
Refactoring multithreading 1 . <iden> - > Task <version> <iden> 3 . <iden> unnecessory application . dispatcher . invoke <version> non - main <iden> access to <iden> collection <version> <version> of # 412,0
We don ' t need use ping to test website speed,0
temp hack for folder plugin <iden>,0
Fix default icon path when add new web search,0
Web <iden> suggestion is loaded async <version> is async <version> ping time of domain less than 300ms , then suggestion is still sync 3 . # 578 # 539,0
Update < <iden> > . md,0
Update < <iden> > . md,0
Update < <iden> > . md,0
fixup test code,0
Fix # 572,0
Add missing sdk files,0
Misc,0
Misc,0
Delete un <method_name> <method_name> s,0
Use existing installed <iden> <version> installed <iden> <version> <iden> to choose <iden> <iden> <version> py3 compability 4 . <iden> hello world <iden> example,0
Use existing < <iden> > , < dll > is loaded by platform fix # 574,0
fix missing image cache,0
Fix file associated icon,0
Refactoring Refactoring icon , part 2 <version> baidu , fix # 576 , # 582 <version>,0
Refactoring icon , part 1 , rename,0
Misc,0
<method_name> when exit <version> image cache <version> save when exit since destructor won ' t be <iden> <version> # 583 # 582 ( partially ) # 581 ( partially ) # 580,0
fixup,0
manually <iden> use appveyoe,0
fixup,0
Fix SearchSource editing when action <iden> is not changed ( # 856 ) * Fixed SearchSource edit * Remove temp var,0
fix # 813,0
<iden> plugin : remove complicated inheritance,0
move files,0
simple refactoring,0
Fix SearchSource editing when action <iden> is not changed ( # 856 ) * Fixed SearchSource edit * Remove temp var,0
fix # 813 # 823,0
add more <iden> info,0
fixup,0
Update < <iden> > . md,0
Hardcoded supported accents version 8 ( Windows 8 is <version> , Windows 7 is <version> ) . ( # 817 ) Added check before applying blur .,0
Fixed hide on startup problem ( # 852 ) * Fixed <iden> * Fixed tray icon not showing up and hiding properly,0
Create < da > . xaml Thanks for a great app - heres a danish translation !,0
Ramen Bless Your Repo,0
fix everything error text,0
fix bug introduced in 2a3bf727be1c8bc185f1b436893b1c4385d982ac,0
fix names,0
Add ability to configure <iden> <iden> <iden> <iden> ( # 718 ),0
Bring <iden> back <version> <iden> back , disabled in 56d08663410916df0a4e408da6e4af3d2a2722c0 <version> # 632 # 722 3 . <iden> : ctrl + H,0
Move < <iden> > <iden> <version> < <iden> > <iden> from < <iden> > to < <method_name> > <version>,0
move properties into models,0
Fix # 791,0
fixup,0
Temp fix for # 667 by add < wox > . py to <iden>,0
Fix python plugin bug introduced in d7399204,0
reformat,0
MVVM refactoring for web search plugin , part 2 1 . # 486 2 . <iden>,0
MVVM refactoring for web <iden> <iden> , part 1 1 . # 486 <version> # 778 # 763 # 742 <version> refactoring <version> IMultiple <method_name> <iden> , use < <iden> > <iden>,0
Refactoring proxy , part 2,0
Refactoring proxy , part 1,0
move nuget auto <iden> back not sure why I can ' t < <iden> > environment,0
Fix # 730 # 766,0
Fix # 762,0
fix # 749,0
Fix # 706 , bug introduced in 2a3bf727be1c8bc185f1b436893b1c4385d982ac,0
Added plugins Polish translations ( # 764 ),0
<iden> German translations ( # 759 ) - some changes after review from @ gappeh - update for # 505,0
refactor <method_name> . fix # 687 . ( # 712 ),0
update < > ignore < > file,0
Fixed languages files not included in build ( # 753 ),0
Update < <iden> > . md,0
Added <iden> <iden> ( # 750 ),0
fix # 751,0
Improved English translations ( # 748 ) * Improve English translation * Improve <iden> English translations,0
Update < zh - tw > . xaml ( # 725 ) Make some adjustment to Chinese Traditional term .,0
Update < <iden> > . md,0
fix progressbar animation , bug introduced in 2a3bf727be1c8bc185f1b436893b1c4385d982ac,0
add version number in installer , fix # 696,0
Fix # 705,0
fix # 695,0
fix # 690,0
Refactoring visibility related events <version> unnecessary events from < <iden> > <version> usage of <iden> api ( show , hide etc ) <version> space problem in # 660 <version> of # 486 <version> up / down key bug introduced in 92b7ca6a1bafd254e39ee92812ff691906cd85c1 <version> # 678,0
temp disable <iden> command,0
Remove redundant OnPropertyChagned,0
fixup,0
Add dutch translation ( # 683 ),0
misc,0
<iden>,0
More data bindings ( <iden> + <iden> ),0
Rename log file,0
fix # 665,0
<iden> for mainwindow,0
<method_name> and close for setting tab,0
misc,0
Databinding for proxy tab,0
Databinding for <iden> tab part of # 660,0
misc,0
remove unused code,0
remove tab selection,0
Databinding for theme tab,0
misc,0
misc,0
Databinding for <iden> tab + faster image load,0
misc,0
Refactoring for tab <iden> event,0
Databinding for <iden> tab,0
Introduce viewmodel for settingwindow,0
Misc,0
use propertychanged helper,0
rename,0
update translation,0
update < > <iden>,0
rename,0
fix # 608,0
fix # 628,0
Use Segoe UI # 655,0
Update < <iden> > . md,0
Refactoring error report <version> # 627 <version> # 646 <version> exceptionless,0
rename , part 1,0
fix # 655,0
fix # 461,0
fix null error when plugin doesn ' t set <iden> ( # 656 ),0
move <iden> <iden> to the <iden> of the list,0
<iden> : 看来我是对奇怪的大小写有种强迫症（,0
<iden> / everything / lang / < en > : enlint ( # 645 ),0
auto change log level,0
temp fix for slow <iden> query # 1017,0
add <iden> boundary to log,0
fix 0 init time record,0
speedup program load time,0
fix stopwatch logging type,0
refactoring <iden>,0
enhance <iden> logging,0
enhance lnk <iden> <iden> handling,0
fix <iden> null,0
reorganize methods,0
fix log logic,0
fix image,0
rewrite uwp by not using <iden> , <iden> <version> is not squarelogo44x44 <version> ' t get details info ( <iden> etc ),0
Update Themes URL link,0
Updated French Translation,0
update < > ignore < > file,0
update nuget package version,0
update nuget <iden> <iden>,0
added <iden> <iden> guide line,0
<version> version link bumped to <version>,0
fix typo,0
Corrected obvious error in the text in the template of Russian interface ( < ru > . xaml ),0
<iden> language was added to the main list of <iden>,0
Added new interface template ( < uk - UA > . xaml ) & was translated into the Ukrainian <iden>,0
comments,0
Fix non exe lnk for lnk like control panel . lnk , it has no <iden> and no exe <iden> .,0
fix uwp parts for # 964,0
partial fix for # 964,0
temp hack for <iden> <iden> <iden> <iden> # 198 e . g . mail and <iden> , skype video and <iden> <link>. com / Wox - <iden> / Wox / <iden> / 198 # <iden> - <iden>,0
Better logo handling for uwp # 198,0
Leave only exe <iden> from start menus # 198,0
fix js based <iden> logo # 198,0
Improve < UWP > indexing # 954 <version> WinJS based < UWP > <version> bug of <iden> : <link>. microsoft . com / VisualStudio / feedback / details / 1690879 / vs2015 - can not - auto - uninstall - universal - windows - appss - debug - item,0
add common known <iden>,0
fixup,0
Move <iden> menu and socre into <iden> model,0
fixup,0
Update < <iden> > . md,0
fixup,0
Check <iden> # 198,0
Better title and subtitle,0
Fix multi <iden> uwp <iden> # 198,0
fixup,0
fixup,0
Fix unicode in lnk dexcrption,0
<iden> linq everywhere 1 . <iden> linq <version> depth <version> # 257,0
Remove <iden> of shortcut icon again <version> GDI dependency <version> unused pinvoke define <version> <iden> of shortcut icon,0
fixup,0
disable file <iden> Filewatcher will only watch directory given by user , a bit useless . disable for now,0
Merge models,0
Add icon constant,0
Ignore broken cache # 783,0
rename,0
rename,0
rename,0
Fix can ' t find file exception caused by abnormal scale,0
Refactoring start menu <iden> <version> start menu <iden> <version> depth problems involved in last commit,0
Refactoring App Paths source,0
Remove <iden> from model,0
Remove enable property from model,0
Remove bonus points,0
Code refactoring # 198,0
Fix uwp background color / plated icon # 198,0
add missing dll,0
<method_name> ial <iden> for uwp app # 198 <version> <iden> , better than nothing . . . <version> great contribution from @ talynone 3 . # 198,0
Fixes issue # 846 IndexOutOfRangeException when reading empty icon from registry in <iden> plugin,0
fix typo preventing last PR from taking effect,0
added sqrt as calculator keyword too,0
added various keywords to calculator Added functions I commonly use on e . g . google calculator but were missed by parser . Specifically I added : e ( constant like pi ) tan , <iden> , and <iden> log and ln,0
update < zh - tw > locale strings for plugins ( # 898 ) * update < zh - tw > locale strings for plugins,0
update < zh - tw > locale strings,0
Change <iden> to <iden> ( # 887 ),0
Simple fixes ( # 871 ),0
fixed the origin root <iden> of web search plugin ICon images <iden> .,0
fixed # 881 could not normally display the Icon,0
Added german and danish language support,0
Providing User Agent for < Http > . <method_name> method ( # 874 ),0
Update < <iden> > . md,0
<iden> plugin : simple refactoring,0
<iden> plugin : remove lock lock is not needed since assignment is atomic,0
<iden> plugin : remove complicated inheritance,0
<iden> plugin : move files,0
simple refactoring,0
More exception info,0
Misc,0
Revert `` Remove first chance exception `` This reverts commit 4aa4d98c08f3bcc176bd3ac1b9b718ab98298ca<version> squirrel crash is not caused by this # 1320,0
error report windows won ' t crashs,0
Decouple runtime info and dependencies info,0
Add more <iden> check,0
Remove some useless code for error reporting,0
fix debug info,0
let it crash,0
Add build instruction,0
<iden> more <iden> dll,0
Ensure <iden> is Disposed # 1320,0
Remove first chance exception Remove first chance exception , it crash the app frequently when squirrel throw / catch exception internally .,0
update # 1266 help info,0
fix <iden> update error handling # 1266,0
Add default <iden>,0
add script into solution,0
fixup,0
Make the name same as post build event in vs,0
ignore < > more < > files,0
Clean solution items,0
Merge appveor < build > script and visual studio < build > script into one,0
fixup,0
Rewrite < <iden> > < build > script,0
misc,0
Use own update <iden> , so we can pass proxy # 1266,0
let it crash for http get,0
misc,0
Merge update logic # 1266,0
Add new <iden> popup,0
add local buil script,0
test,0
Misc,0
fix can ' t catch exception issue - Origin code can ' t catch exception in code , and all exceptions goes into first chance exception hanlding . - releated : # 1266 - <link>. com / a / 5383408 / 2833083 - <link>. microsoft . com / en - us / magazine / jj<version> ? f = 255 & MSPPError = - 2147217396,0
More exception info,0
update nuget <iden>,0
make the font list sorted ( # 1263 ) fix # 790,0
Update < <iden> > . md,0
Update < <iden> > . md,0
fixup,0
Update < <iden> > . md,0
Add coding style,0
Save more,0
Add more error handling , fix # 1252,0
Add <iden> <iden> . Add <iden> <iden> .,0
fixup,0
Don ' t <iden> / < <method_name> > / Dark . xaml,0
Fix # 1255,0
typo,0
Add universal pretty print method,0
more error handling for i18n,0
Update < <iden> > . md,0
fix # 1252 # 1251,0
fix # 1199 <iden> / <iden> for result list,0
update badges,0
fix mainwindow <iden> issue # 823 # 1172 thanks @ slav for <link>. com / Wox - launcher / Wox / pull / 960,0
misc,0
remove useless code,0
Completely rewrite <iden> load / update / <iden> <version> of # 468 <version> # 1245 , bug introduced in 7e1c77beddf2c978fa1440e799fec4eb9554739d,0
catch more json exception,0
click event will occur when <iden> is clicked and cause blur in center of <iden> window # 711,0
Fix unremoved <iden> bug # 711,0
remove blur when there is no blur in theme # 711,0
add note,0
null enhance,0
fixup 30dfad29f6100153247db4edb6753d8db5112888,0
Add last query mode # 1141 # 1050 <link>. com / Wox - launcher / Wox / issues / 1050 <link>. com / Wox - launcher / Wox / issues / 1141,0
<iden> existing broken file,0
add nonnull check,0
add issue link to comment,0
force <iden> <iden> <iden> <iden> <iden> # 858,0
change init order,0
Cache for <iden> <link>. com / Wox - launcher / Wox / issues / 1189,0
Move initia and save from < <iden> > to App,0
remove storage dependency from jsonstorage,0
fix null bug in 4c07698c99a1e30f441af5d2782a679c5ff68968,0
move constant into local scope,0
use proper plugin metadata,0
remove useless <iden> method,0
remove custom exception,0
Fixed typo in <iden>,0
unfied log format validation and log format <iden>,0
fixup,0
Rewrite all log <iden> <iden>,0
remove useless <iden> . close and more log,0
rename cache file,0
Use cache type directly instead of a new class , decouple binarystorage and storage,0
remove unused stop watcher,0
faster startup time for control panel plugin,0
fixup,0
genuine cache for program plugin,0
format,0
calculate score for addtional info,0
add pinyin cache for control panel plugin # 858,0
prefill pinyin cache for program plugin # 858,0
Add cache for <iden> query # 858,0
Simplified <iden> with <iden>,0
Fix post_build . ps1 script failing due to PS <iden>,0
Update <iden> plugin as System <iden> or User <iden>,0
Open URL in new <iden> browser,0
Add folder location display,0
added build instructions for VS 2019,0
Link F1 help to current website ( # 2414 ) Pressing F1 leads to the - now unavailable - old wox website . The updated URL should be <link>. wox . one / # 2413,0
Update Japanese translation ( # 2511 ),0
June update to the What ' s <iden> section Added info and links to the intern PT specs and info about FancyZones,0
add issue links to Backlog list,0
Minor spelling corrections Corrected letter transpositions , and capitalized Alt + Tab for consistency ( all other key names were at the beginning of their respective lines , so were already capitalized , but on my Surface Book all modifier keys and Tab are capitalized ),0
s / <iden> / <iden>,0
fix a couple typos,0
Added links and info about the inspiration for the <iden> <iden>,0
Update < <iden> > . md,0
Fix a couple typeos,0
Updating with images for the first two <iden>,0
Adding preview utilities images,0
Update < <iden> > . md,0
Adding updated logo image,0
Update < <iden> > . md,0
Adding logo image,0
Delete PowerToys . jpg,0
Adding logo,0
Uploading logo image,0
Update < <iden> > . md,0
Initial commit,0
Initial commit,0
fix cs,0
follow up for new language support,0
Added <iden> translation ( # 2376 ),0
fix # 2363 theme font changes both whenever one is changed,0
Added <iden> translation ( # 2376 ),0
fix unexpected hovor without mouse moving ( # 2368 ) fix # 975 close # 2043,0
Add everything plugin <iden> menu and add <iden> in Url plugin ( # 2299 ) <version> useful <iden> menu items in everything <version> <iden> in Url plugin , can set <iden> path * let url plugin support multi <iden>,0
update badge to show <iden> for <iden> only [ ci skip ] [ skip ci ],0
error handling for theme loader,0
use Pack URIs for Base . xaml ( as a demo for 3rd party themes ),0
support user defined theme files in % appdata % ( close # 1267 , # 662 ),0
Open With <iden> ( # 2261 ),0
fix loading language package for it , nb - NO , pt - br , sr , uk - UA ( fix # 1319 ),0
fix # 1456 Error when empty <iden> bin,0
improve chinese translation,0
validate path before save ( fix # 1869 ),0
Update < <iden> > . md,0
hide tray icon ( close # 563 ),0
skip calculation of <iden> score if <iden> <iden> is too long ( # 1683 ),0
Removed <iden> entries in < Base > Theme ( # 2186 ),0
Translate to Norwegian <iden> ( dev branch , properly this time ) ( # 2184 ) * Translate to Norwegian <iden> * Add Norwegian to < Available <method_name> s > . cs,0
Add <iden> <iden> ( # 2143 ) * Add <iden> <iden>,0
Add support for Portuguese ( Brazil ) ( # 2119 ) Translates <method_name> file into Portuguese ( Brazil ),0
Update < <iden> > . md <iden> chinese translation for issue template,0
fix < <iden> > build failure,0
UWP HiDPI icon support ( # 1515 ) * Add HiDPI support for < UWP > on Windows 10 * Code structure improvement,0
Fix typo ( # 2055 ),0
skip broken folder when re - index ( # 2004 ) * skip broken folder when re - index * add log for <iden>,0
Added support for <iden> ( # 2029 ),0
Update < <iden> > . md ( # 2006 ) Update < <iden> > . md , set latest version link to <version>,0
Translate some words into Japanese . ( # 1982 ),0
Image <method_name> er now loads everything <iden> <iden> : : <method_name> ( # 1836 ) * Added <iden> loader * Deleted old shell icon extraction logic . Refactored < Image <method_name> er > . <method_name> to improve readibility . * Moved error handling down into the API call itself * Minor renamings in < Image <method_name> er > * <method_name> icons only for files that are not images . Fixes stutters when loading <iden> . * Added the ability to load a full image <iden> < Image <method_name> er > . < Image <method_name> er > . <method_name> now also has a `` <iden> `` parameter . * Max image cache is now 5000 <iden> of 200 . * Added some commentaries on how <iden> are loaded,0
back,0
update website,0
disable input method when binding hotkey ( fix # 1876 ),0
Issue template update ( # 1846 ) * Update to < <iden> > Template partially based on <link>. com / facebook / react - native / blob / master / . <iden> / < <iden> > . md,0
Execute the OpenResultComand with Ctrl and Alt modifiers when pressing enter ( # 1685 ),0
<iden> paths fix + # 1779 ( # 1780 ) * <iden> now searches for files on a per - folder basis using a Queue instead of calling <iden> . This allows us to escape <iden> errors . Issue # 1779 is fixed because of this too .,0
Update < <iden> > . md minor fix for `` <iden> `` part,0
Changed <iden> ' s <iden> formatting back to <iden> . <iden> ( ) call as it is more detailed and provides more information for AggregateException and others .,0
Added file <iden> check before loading cache and removed < <iden> > . Save when file was already locked .,0
Updated French Translation ( # 1522 ) added : <iden> <iden> <iden> <iden> <iden> <iden>,0
fix # 1397 action keywords should not be set to empty string,0
re - enabled exception during debug,0
Fixed typos and swapped <iden> for <iden> , Corrections due to PR,0
since Yamp is not maintained anymore , i switched it for Mages <link>. com / FlorianRappl / Mages fixes also # 1022,0
Notes for maintenance,0
Removed extra leading space char ( # 1368 ),0
Fix folder <iden> # 1282 # 1357,0
ContextMenu 4 : for non c # <iden> # 1366,0
ContextMenu 3 : Format # 1366,0
ContextMenu 2 : Extract <method_name> # 1366,0
ContextMenu 1 : Rename # 1366,0
Convert <iden> <iden> from / to user locale . Tries to <iden> <iden> in query <iden> to invariant <iden> <iden> before passing to YAMP , and the other way around when presenting <iden> from YAMP . Nothing fancy , just a regular expression scanning for substrings consisting of <iden> , <iden> separator and group separator , trying a parse and <iden> on them . Translation is skipped if no <iden> <iden> user locale and invariant <iden> <iden> <iden> is necessary . Closes # 436 .,0
Update < <iden> > . md,0
Update < <iden> > . md,0
remove annoying fail prompt # 1339,0
Handle more exceptions for < <method_name> > # 1309,0
Filter windows moved by keyboard in <iden>,0
Move <iden> filter to separate function , filter more <iden> .,0
PR feedback,0
remove previous <iden> upon upgrade fix link to documentation,0
Need to adjust x / y by <iden> diff <iden> <iden> and work area rect,0
Fix for # 292 ( Zone Editor opens behind PowerToys Window ),0
Everything is working .,0
Fix typos in src / < <iden> > . md ( # 364 ),0
Use < <iden> > in lieu of the standard <iden> dialog,0
Use friendlier font in License . rtf file,0
bug fix,0
Update btn name to ' All <iden> ',0
Update multi - selection,0
Add sorting,0
activate zones for windows with <iden> <iden> fixes <link>. com / microsoft / PowerToys / issues / 209,0
default ' flashZones ' to false,0
Add documentation about <iden> installation ( # 349 ),0
Don ' t show the tasklist <iden> when <iden> is autohide ( # 340 ) Ref : <link>. com / microsoft / PowerToys / issues / 291,0
Make Alt - F4 always close the settings <iden> ( # 334 ) Fixes : <link>. com / microsoft / PowerToys / issues / 289,0
Fix cppcheck reported issues ( # 333 ) Fixes : <link>. com / microsoft / PowerToys / issues / 266,0
remove debug code,0
Update load programsources with uniqueidentifier,0
Update class to inherite from <iden> . <iden>,0
Update disable logic and add unique identifier for <iden>,0
<iden> shortcuts * Change <iden> to advertised Note that I had to remove the ability to not <iden> a Start Menu <iden> , as advertised shortcuts must always be installed . Also note that I had to change the `` Core `` feature to always be installed ( disabling Install - on - Demand ) as having that turned on broke the Scheduled Task <iden> . * Disable <iden>,0
Added Hi - res logo ( 4k PNG ),0
add build <iden> to readme,0
Update CI pipeline update Visual Studio version to 16 move CI pipeline to . <iden> folder,0
Cleanup <iden> - web ( # 280 ),0
Pass <method_name> through to <iden> . It is more reliable .,0
Almost working . Doesn ' t apply on my small <method_name> running at 150 % scaling .,0
Add initial disable program code,0
Refactor <iden> . <iden>,0
<method_name> or <iden> come up on the <iden> with the <iden> <iden> . Defaults to primary <iden> if there is no <iden> <iden> .,0
Updated button positions and name,0
Add disable programs functionality,0
[ ImgBot ] Optimize images ( # 225 ) * Total - - 3 , <version> - > 2 , <version> ( <version> % ) / doc / images / example_powertoy / settings . png - - <version> - > <version> ( <version> % ) / src / modules / fancyzones / FancyZonesSettings . png - - <version> - > <version> ( <version> % ) / Logo . jpg - - <version> - > <version> ( <version> % ) / doc / images / Logo . jpg - - <version> - > <version> ( <version> % ) / src / modules / fancyzones / Picker . png - - <version> - > <version> ( <version> % ) / doc / images / runner / tray . png - - <version> - > <version> ( <version> % ) / doc / images / shortcut_guide / usage . png - - <version> - > <version> ( <version> % ) / doc / images / shortcut_guide / settings . png - - <version> - > <version> ( <version> % ) / src / modules / fancyzones / FancyZones . png - - 1 , <version> - > <version> ( <version> % ) / doc / images / MTNDWidget . jpg - - <version> - > <version> ( <version> % ) / MTNDWidget . jpg - - <version> - > <version> ( <version> % ) / src / modules / fancyzones / TableEditor . png - - 28<version>3kb - > <version> ( <version> % ) / WindowsKeyShortcutGuide . jpg - - <version> - > <version> ( <version> % ) / doc / images / WindowsKeyShortcutGuide . jpg - - <version> - > <version> ( <version> % ) / src / modules / fancyzones / WindowEditor . png - - <version> - > <version> ( <version> % ) / doc / images / FZTutorial . jpg - - <version> - > <version> ( <version> % ) / src / settings - web / src / components / fabric . png - - <version> - > <version> ( <version> % ) Signed - off - by : ImgBotApp < ImgBotHelp @ gmail . com >,0
Fix typos in < <iden> > . md ( # 258 ) Minor typos and more concise language .,0
Fix typo in fancy <method_name> / < <iden> > . md ( # 259 ),0
Fix typo in < <iden> > . md ( # 231 ),0
Fix typo in < <iden> > . md ( # 221 ),0
Escape less - than - sign in fancy <method_name> / < <iden> > . md ( # 222 ) Without escaping this is rendered as an HTML , which is invisible .,0
Fix typo in < <iden> > . md ( # 220 ),0
Fix typo in < <iden> > . md ( # 214 ),0
Fix typo in src / < <iden> > . md ( # 207 ),0
Update backlog links ( # 201 ) - Update FZ backlog links - Update ShortcutGuide backlog links,0
Fix typo in < <iden> > . md ( # 153 ),0
Add display of all loaded <iden>,0
<iden> < > <method_name> < > <iden> < > <method_name> < > <method_name> ial < > <iden> < > Co < > - < > <iden> < > - < > by < > : < > Alexis < > Campailla < > < alexis < > @ < > janea <method_name> s < > . < > com > < > Co < > - < > <iden> < > - < > by < > : < > Bret < > Anderson < > < bretan < > @ < > <iden> < > . < > com > < > Co < > - < > <iden> < > - < > by < > : < > Enrico < > Giordani < > < enrico < > . < > giordani < > @ < > gmail < > . < > com > < > Co < > - < > <iden> < > - < > by < > : < > Jaime < > Bernardo < > < jaime < > @ < > janea <method_name> s < > . < > com > < > Co < > - < > <iden> < > - < > by < > : < > Jeff < > Bogdan < > < jeffbog < > @ < > <iden> < > . < > com > < > Co < > - < > <iden> < > - < > by < > : < > Mar <method_name> < > Rogers < > < mar <method_name> r < > @ < > <iden> < > . < > com > < > Co < > - < > <iden> < > - < > by < > : < > Mike < > Harsh < > < mharsh < > @ < > <iden> < > . < > com > < > Co < > - < > <iden> < > - < > by < > : < > Na <method_name> um < > Bundak < > < Na <method_name> um < > . < > Bundak < > @ < > <iden> < > . < > com > < > Co < > - < > <iden> < > - < > by < > : < > Oliver < > Jones < > < ojones < > @ < > <iden> < > . < > com > < > Co < > - < > <iden> < > - < > by < > : < > Patrick < > Little < > < plittle < > @ < > <iden> < > . < > com >,0
Enable user selected program loading only Update logic , add program source only loading,0
Fix < <iden> > <iden> comparison bug,0
Add reindex when updating plugin . program suffix,0
Save all plugins ' settings on settings menu close,0
update showmsg,0
Revert get translation as none is provided,0
Add to Sys plugin - save all Wox <iden>,0
Fix typo ' <iden> ',0
Increase error message fade from 1 to 5 secs,0
Handling chrome <iden> not installed,0
update,0
Move comment to PR,0
Enable <iden> mode,0
Add check null for event,0
Update < <iden> > . md build instructions for VS 2017 / 2019,0
Update < <iden> > . md build instructions for VS 2017 / 2019,0
Speed up <iden> plugin when suggestions turned on,0
Set <iden> off as default setting,0
Use shared command and open in new browser window,0
update,0
use shared commands,0
Add shared commands and move to shared,0
Add shared commands for plugins to use,0
Add BrowserBooks < <iden> > as <iden> <iden>,0
update,0
update,0
Update Initialisation of <iden> method Handle when <iden> has a mix of global and non - global action keywords,0
Update <method_name> method Update the method to handle removal when a <iden> has <iden> <iden> ie . mix of <iden> and non - <iden> <iden>,0
update,0
Mini refactor Move <iden> . Start to <iden> class level,0
Add Black And White Theme,0
Bugfix and update Fix bug when no <iden> path specified will be null instead of . <iden> = = <version> open url in new <iden> <iden> by default,0
Bug fix - Edit & Delete buttons will crash if <iden> search source is null <iden> will be null if the user clicks on Edit or Delete after finishing with previous edit and not highlighting the search source again .,0
Update < Main > . cs,0
